local_filename,upstream_filename,release,description,bytes,sha256,source_url,retrieved_date,citation_url,redistribution,required_in_clone
smica_2048.fits,COM_CMB_IQU-smica_2048_R3.00_full.fits,Planck 2018 PR3,"SMICA full-sky I/Q/U component map; HEALPix NESTED NSIDE 2048",2013312960,60952c645eb33d151905ddf5837477e15ca02a3261feca4ceca3c3feece4f9ac,https://irsa.ipac.caltech.edu/data/Planck/release_3/all-sky-maps/maps/component-maps/cmb/COM_CMB_IQU-smica_2048_R3.00_full.fits,2026-08-15,https://www.cosmos.esa.int/web/planck/publications,"Not redistributed; obtain from source archive",no
mask_common.fits,COM_Mask_CMB-common-Mask-Int_2048_R3.00.fits,Planck 2018 PR3,"Common CMB intensity confidence mask; HEALPix NESTED NSIDE 2048",201335040,23f49a3479073408b83a7f1bb2cca490d9be7f934b2e0e891524b6a1d06a5fc4,https://irsa.ipac.caltech.edu/data/Planck/release_3/ancillary-data/masks/COM_Mask_CMB-common-Mask-Int_2048_R3.00.fits,2026-08-15,https://www.cosmos.esa.int/web/planck/publications,"Not redistributed; obtain from source archive",no
desi-dr2-bao/desi_gaussian_bao_ALL_GCcomb_mean.txt,desi_gaussian_bao_ALL_GCcomb_mean.txt,DESI DR2 BAO likelihood,"13-element DESI DR2 BAO distance data vector (DV/rs, DM/rs, DH/rs)",472,9ac154ab583ce759c0f7eef3c978c7c70a6ead2d18774caceadf1a350a640585,https://raw.githubusercontent.com/CobayaSampler/bao_data/b7b8a36e9bccb063081f811f323cada21ab5fbdd/desi_bao_dr2/desi_gaussian_bao_ALL_GCcomb_mean.txt,2026-08-16,https://arxiv.org/abs/2503.14738,"DESI data CC BY 4.0; cite DESI release/paper, indicate changes, include required acknowledgment",yes
desi-dr2-bao/desi_gaussian_bao_ALL_GCcomb_cov.txt,desi_gaussian_bao_ALL_GCcomb_cov.txt,DESI DR2 BAO likelihood,"13 by 13 covariance for the all-DESI-DR2 BAO distance vector",2547,252a143274c8a07c78694c119617d36594f6d7965d00319ca611c6ffb886e509,https://raw.githubusercontent.com/CobayaSampler/bao_data/b7b8a36e9bccb063081f811f323cada21ab5fbdd/desi_bao_dr2/desi_gaussian_bao_ALL_GCcomb_cov.txt,2026-08-16,https://arxiv.org/abs/2503.14738,"DESI data CC BY 4.0; cite DESI release/paper, indicate changes, include required acknowledgment",yes
desi-dr2-bao/bestfit.minimum.txt,bestfit.minimum.txt,DESI DR2 BAO cosmology results v1.0,"Flat constant-w CDM BAO-only posterior-maximization output",934,1be9545d7d8276c8b6ef98a81c5fd36ff0d94f883028f16c6cfdd12a2f49e72b,https://data.desi.lbl.gov/public/papers/y3/bao-cosmo-params/iminuit/base_w/desi-bao-all/bestfit.minimum.txt,2026-08-16,https://arxiv.org/abs/2503.14738,"DESI data CC BY 4.0; cite DESI release/paper, indicate changes, include required acknowledgment",yes
desi-dr2-bao/chain.margestats,chain.margestats,DESI DR2 BAO cosmology results v1.0,"Flat constant-w CDM BAO-only marginal posterior summary",1573,f698464a169a5895bab18788ec9bb997848d95e168ef908db50b20e1d565215a,https://data.desi.lbl.gov/public/papers/y3/bao-cosmo-params/cobaya/base_w/desi-bao-all/chain.margestats,2026-08-16,https://arxiv.org/abs/2503.14738,"DESI data CC BY 4.0; cite DESI release/paper, indicate changes, include required acknowledgment",yes
desi-dr2-bao/chain.updated.yaml,chain.updated.yaml,DESI DR2 BAO cosmology results v1.0,"Cobaya 3.5 and CAMB 1.5.4 configuration for flat constant-w CDM BAO-only chain",4513,b83bc1b7bef4ad531993481ea47d93eb9c2d38e820bdb7d97ee954758886b9f7,https://data.desi.lbl.gov/public/papers/y3/bao-cosmo-params/cobaya/base_w/desi-bao-all/chain.updated.yaml,2026-08-16,https://arxiv.org/abs/2503.14738,"DESI data CC BY 4.0; cite DESI release/paper, indicate changes, include required acknowledgment",yes
gw170817/gwosc-event-v1.json,GW170817-v1?format=json,GWOSC O1/O2 preliminary event metadata,"GW170817 event metadata: GPS time, GraceDB identifier, detectors, and product URLs",614,e84ec1f615e6d5f8b4d49a7358e3dc3699e5f41824d66d68b6dbf5269e7891f3,https://gwosc.org/api/v2/event-versions/GW170817-v1?format=json,2026-08-16,https://doi.org/10.7935/K5B8566F,"GWOSC data CC BY 4.0; retain attribution and cite the GWOSC dataset",yes
gw170817/G298048.lvc,G298048.lvc,GCN/LVC GW170817 notices,"Initial and update LVC skymap notices for GraceDB event G298048",2169,f8f91ac9e862a389a6f1276e96ec5eeaeb9dfadb6b644a1564bb16cc830b0922,https://gcn.gsfc.nasa.gov/notices_l/G298048.lvc,2026-08-16,https://doi.org/10.7935/K5B8566F,"Public notice retained with source attribution; no standalone Creative Commons license asserted",yes
gw170817/GCN-21520.txt,21520.txt,GCN Circular 21520,"Fermi GBM detection notice for GRB 170817A",1606,4f22671ad3855d863db139ceec412717a10f9349e83f2053af96958e2c264a1e,https://gcn.nasa.gov/circulars/21520.txt,2026-08-16,https://gcn.nasa.gov/circulars/21520,"Public circular retained with source attribution; no standalone Creative Commons license asserted",yes
gw170817/glg_tcat_all_bn170817529_v03.fit,glg_tcat_all_bn170817529_v03.fit,Fermi GBM trigger catalog,"Fermi GBM trigger-entry FITS for GRB 170817A / trigger 524666471",5760,db49f7e685d41b11847eeabd6d58f93a2ba1892aa6ac2810dee21fa90b9550fe,https://heasarc.gsfc.nasa.gov/FTP/fermi/data/gbm/triggers/2017/bn170817529/current/glg_tcat_all_bn170817529_v03.fit,2026-08-16,https://gcn.nasa.gov/circulars/21520,"Fermi public data product; cite Fermi/GBM and the scientific source used. No Creative Commons license asserted here.",yes
ame2020/mass_1.mas20.txt,mass_1.mas20,AME2020,"Atomic masses, mass excesses, and binding energies used for held-out nuclear Q-value tests",472648,e8599c6d7f724fac91934e59f1b9de8fb8f63e820f4b39456b790665ed2a3307,https://www-nds.iaea.org/amdc/ame2020/mass_1.mas20.txt,2026-09-03,https://doi.org/10.1088/1674-1137/abddaf,"AME2020 electronic table retained with its attribution header; cite both Chinese Physics C 45 030002 and 030003",yes
